Посилання,Помилка,"Площа з назви, га",Реальний дохід
https://prozorro.sale/auction/LRE001-UA-20211217-71361,на сайті поле площі 1.0 ≠ площа в описі 1.6563,1.6563,
https://prozorro.sale/auction/LRE001-UA-20211224-42416,на сайті поле площі 4.48 ≠ площа в описі 1.8,1.8,
https://prozorro.sale/auction/LRE001-UA-20221201-02152,на сайті поле площі 4692.87 ≠ площа в описі 4.753,4.753,
https://prozorro.sale/auction/LRE001-UA-20230221-01104,на сайті поле площі 0.67 ≠ площа в описі 0.62,0.62,
https://prozorro.sale/auction/LRE001-UA-20230307-06143,на сайті поле площі 2.7217 ≠ площа в описі 0.7217,0.7217,
https://prozorro.sale/auction/LRE001-UA-20230329-96468,на сайті поле площі 10996.0 ≠ площа в описі 1.0996,1.0996,
https://prozorro.sale/auction/LRE001-UA-20230331-07901,на сайті поле площі 164.0 ≠ площа в описі 19.4438,19.4438,
https://prozorro.sale/auction/LRE001-UA-20230510-36103,на сайті поле площі 1.084 ≠ площа в описі 3.52,3.52,
https://prozorro.sale/auction/LRE001-UA-20230526-70457,на сайті поле площі 16.4437 ≠ площа в описі 19.4437,19.4437,
https://prozorro.sale/auction/LRE001-UA-20230606-62642,на сайті поле площі 89685.0 ≠ площа в описі 8.9685,8.9685,
https://prozorro.sale/auction/LRE001-UA-20230707-88574,на сайті поле площі 14.142 ≠ площа в описі 4.142,4.142,
https://prozorro.sale/auction/LRE001-UA-20230919-98177,на сайті поле площі 0.3897 ≠ площа в описі 0.3729,0.3729,
https://prozorro.sale/auction/LRE001-UA-20231010-51680,на сайті поле площі 20000.0 ≠ площа в описі 20,20,
https://prozorro.sale/auction/LRE001-UA-20231110-79748,на сайті поле площі 39460.0 ≠ площа в описі 3.946,3.946,
https://prozorro.sale/auction/LRE001-UA-20231215-45283,на сайті поле площі 0.2849 ≠ площа в описі 0.5344,0.5344,
https://prozorro.sale/auction/LRE001-UA-20231222-40539,на сайті поле площі 14.7693 ≠ площа в описі 12.1144,12.1144,
https://prozorro.sale/auction/LRE001-UA-20231226-37923,на сайті поле площі 68134.0 ≠ площа в описі 6.8134,6.8134,
https://prozorro.sale/auction/LRE001-UA-20240121-22184,на сайті поле площі 9.3762 ≠ площа в описі 18.0723,18.0723,
https://prozorro.sale/auction/LRE001-UA-20240202-87051,на сайті поле площі 0.41 ≠ площа в описі 0.35,0.35,
https://prozorro.sale/auction/LRE001-UA-20240311-06005,на сайті поле площі 132078.0 ≠ площа в описі 13.2078,13.2078,
https://prozorro.sale/auction/LRE001-UA-20240311-77603,на сайті поле площі 132078.0 ≠ площа в описі 13.2078,13.2078,
https://prozorro.sale/auction/LRE001-UA-20240320-80209,на сайті поле площі 2.6065 ≠ площа в описі 2.2065,2.2065,
https://prozorro.sale/auction/LRE001-UA-20240426-48913,на сайті поле площі 21083.0 ≠ площа в описі 2.1083,2.1083,
https://prozorro.sale/auction/LRE001-UA-20240429-94440,на сайті поле площі 11.7116 ≠ площа в описі 7.9562,7.9562,
https://prozorro.sale/auction/LRE001-UA-20240508-29288,на сайті поле площі 0.6741 ≠ площа в описі 0.6841,0.6841,
https://prozorro.sale/auction/LRE001-UA-20240610-25318,на сайті поле площі 0.418 ≠ площа в описі 0.0418,0.0418,
https://prozorro.sale/auction/LRE001-UA-20240611-38886,на сайті поле площі 0.4869 ≠ площа в описі 0.3814,0.3814,
https://prozorro.sale/auction/LRE001-UA-20240613-56154,на сайті поле площі 32145.0 ≠ площа в описі 3.2145,3.2145,
https://prozorro.sale/auction/LRE001-UA-20240617-79190,на сайті поле площі 15423.0 ≠ площа в описі 1.5423,1.5423,
https://prozorro.sale/auction/LRE001-UA-20240729-54759,на сайті поле площі 16365.0 ≠ площа в описі 1.6365,1.6365,
https://prozorro.sale/auction/LRE001-UA-20240802-06147,на сайті поле площі 4692.87 ≠ площа в описі 4.753,4.753,
https://prozorro.sale/auction/LRE001-UA-20240806-47807,на сайті поле площі 154264.0 ≠ площа в описі 15.4264,15.4264,
https://prozorro.sale/auction/LRE001-UA-20240808-36258,на сайті поле площі 132621.0 ≠ площа в описі 13.2621,13.2621,
https://prozorro.sale/auction/LRE001-UA-20240809-44077,на сайті поле площі 150.0 ≠ площа в описі 1.5,1.5,
https://prozorro.sale/auction/LRE001-UA-20240826-04139,на сайті поле площі 19.8112 ≠ площа в описі 13.2971,13.2971,
https://prozorro.sale/auction/LRE001-UA-20240829-75536,на сайті поле площі 10.0 ≠ площа в описі 7,7,
https://prozorro.sale/auction/LRE001-UA-20250127-05752,на сайті поле площі 2.2717 ≠ площа в описі 2.3717,2.3717,
https://prozorro.sale/auction/LRE001-UA-20250212-46276,на сайті поле площі 37892.0 ≠ площа в описі 3.7892,3.7892,
https://prozorro.sale/auction/LRE001-UA-20250401-94524,на сайті поле площі 16.708 ≠ площа в описі 14,14,
https://prozorro.sale/auction/LRE001-UA-20250521-82548,на сайті поле площі 18711.0 ≠ площа в описі 1.8711,1.8711,
https://prozorro.sale/auction/LRE001-UA-20250527-19974,на сайті поле площі 100.0 ≠ площа в описі 1,1,
https://prozorro.sale/auction/LRE001-UA-20250626-86714,на сайті поле площі 3.0746 ≠ площа в описі 3.8615,3.8615,
https://prozorro.sale/auction/LRE001-UA-20250728-60380,на сайті поле площі 11.0001 ≠ площа в описі 11.4916,11.4916,
https://prozorro.sale/auction/LRE001-UA-20250812-89754,на сайті поле площі 29447.0 ≠ площа в описі 2.9447,2.9447,
https://prozorro.sale/auction/LRE001-UA-20250814-62869,на сайті поле площі 0.0001 ≠ площа в описі 0.1207,0.1207,
https://prozorro.sale/auction/LRE001-UA-20250815-83986,на сайті поле площі 0.0001 ≠ площа в описі 1,1,
https://prozorro.sale/auction/LRE001-UA-20250819-09975,на сайті поле площі 0.0457 ≠ площа в описі 0.0165,0.0165,
https://prozorro.sale/auction/LRE001-UA-20250822-78480,на сайті поле площі 10.0 ≠ площа в описі 16.325,16.325,
https://prozorro.sale/auction/LRE001-UA-20250905-61206,на сайті поле площі 157452.0 ≠ площа в описі 15.7452,15.7452,
https://prozorro.sale/auction/LRE001-UA-20250915-10549,на сайті поле площі 149551.0 ≠ площа в описі 14.9551,14.9551,
https://prozorro.sale/auction/LRE001-UA-20250918-39549,на сайті поле площі 7123.0 ≠ площа в описі 0.7123,0.7123,
https://prozorro.sale/auction/LRE001-UA-20251001-32273,на сайті поле площі 1.91 ≠ площа в описі 1.61,1.61,
https://prozorro.sale/auction/LRE001-UA-20251008-63846,на сайті поле площі 0.0091 ≠ площа в описі 0.04,0.04,
https://prozorro.sale/auction/LRE001-UA-20251027-78342,на сайті поле площі 1.0001 ≠ площа в описі 1.2927,1.2927,
https://prozorro.sale/auction/LRE001-UA-20251209-13730,на сайті поле площі 8.0001 ≠ площа в описі 8.5233,8.5233,
https://prozorro.sale/auction/LRE001-UA-20251211-72462,на сайті поле площі 3.4749 ≠ площа в описі 7.6112,7.6112,
https://prozorro.sale/auction/LRE001-UA-20251222-65006,на сайті поле площі 18.0001 ≠ площа в описі 17.3757,17.3757,
https://prozorro.sale/auction/LRE001-UA-20260211-74720,на сайті поле площі 1.113 ≠ площа в описі 1.133,1.133,
https://prozorro.sale/auction/LRE001-UA-20260213-63552,на сайті поле площі 5.0001 ≠ площа в описі 5.4512,5.4512,
https://prozorro.sale/auction/LRE001-UA-20260218-23614,на сайті поле площі 4.0001 ≠ площа в описі 2.4366,2.4366,
https://prozorro.sale/auction/LRE001-UA-20260219-29698,на сайті поле площі 17.0 ≠ площа в описі 16.7905,16.7905,
https://prozorro.sale/auction/LRE001-UA-20260227-22317,на сайті поле площі 10.0001 ≠ площа в описі 9.29,9.29,
https://prozorro.sale/auction/LRE001-UA-20260303-05882,на сайті поле площі 82206.0 ≠ площа в описі 8.2206,8.2206,
https://prozorro.sale/auction/LRE001-UA-20260305-14251,на сайті поле площі 0.0001 ≠ площа в описі 0.2824,0.2824,
https://prozorro.sale/auction/LRE001-UA-20260325-30139,на сайті поле площі 2.2217 ≠ площа в описі 0.75,0.75,
https://prozorro.sale/auction/LRE001-UA-20260327-23347,на сайті поле площі 7092.0 ≠ площа в описі 0.7092,0.7092,
https://prozorro.sale/auction/LRE001-UA-20260429-62428,на сайті поле площі 1.0 ≠ площа в описі 0.7694,0.7694,
https://prozorro.sale/auction/LRE001-UA-20260512-52945,на сайті поле площі 8.0001 ≠ площа в описі 9,9,
https://prozorro.sale/auction/LRE001-UA-20260515-06431,на сайті поле площі 4.0001 ≠ площа в описі 5,5,
https://prozorro.sale/auction/LRE001-UA-20260611-02303,на сайті поле площі 0.0594 ≠ площа в описі 0.0584,0.0584,
https://prozorro.sale/auction/LRE001-UA-20260713-17699,дохід: 3600000.0 ≠ 3331600.0,,3331600
https://prozorro.sale/auction/LRE001-UA-20260715-25587,дохід: 40000.0 ≠ 28000.0,,28000
https://prozorro.sale/auction/LRE001-UA-20260715-33252,дохід: 35000.0 ≠ 21500.0,,21500
https://prozorro.sale/auction/LRE001-UA-20260715-45457,дохід: 17000.0 ≠ 11800.0,,11800
https://prozorro.sale/auction/LRE001-UA-20260715-98853,дохід: 60000.0 ≠ 47000.0,,47000
https://prozorro.sale/auction/LRE001-UA-20260716-82170,на сайті поле площі 15.0001 ≠ площа в описі 15.45,15.45,
https://prozorro.sale/auction/LRE001-UA-20260717-61121,дохід: 190000.0 ≠ 41001.0,,41001
https://prozorro.sale/auction/LRE001-UA-20260721-11322,дохід: 350500.0 ≠ 350000.0,,350000
https://prozorro.sale/auction/LRE001-UA-20260721-15174,дохід: 390000.0 ≠ 380000.0,,380000
https://prozorro.sale/auction/LRE001-UA-20260721-55427,дохід: 350500.0 ≠ 350000.0,,350000
https://prozorro.sale/auction/LRE001-UA-20260721-61323,дохід: 75600.0 ≠ 75500.0,,75500
https://prozorro.sale/auction/LRE001-UA-20260721-65700,дохід: 365500.0 ≠ 365000.0,,365000
https://prozorro.sale/auction/LRE001-UA-20260721-76016,дохід: 160000.0 ≠ 123000.0,,123000
https://prozorro.sale/auction/LRE001-UA-20260723-57641,дохід: 2125.0 ≠ 840.0,,840
https://prozorro.sale/auction/LRE001-UA-20260727-45153,дохід: 80000.0 ≠ 53100.0,,53100
https://prozorro.sale/auction/LRE001-UA-20260731-12354,дохід: 79000.0 ≠ 71000.0,,71000
https://prozorro.sale/auction/LRE001-UA-20260804-35132,дохід: 5714.38 ≠ 5378.25,,5378.25
https://prozorro.sale/auction/LRE001-UA-20260806-22368,дохід: 167051.99 ≠ 120001.0,,120001
https://prozorro.sale/auction/LRE001-UA-20260806-40467,дохід: 340875.0 ≠ 38500.0,,38500
https://prozorro.sale/auction/LRE001-UA-20260806-40624,дохід: 3580.0 ≠ 3550.0,,3550
https://prozorro.sale/auction/LRE001-UA-20260806-42823,дохід: 307923.75 ≠ 35000.0,,35000
https://prozorro.sale/auction/LRE001-UA-20260806-47886,дохід: 251000.0 ≠ 121000.0,,121000
https://prozorro.sale/auction/LRE001-UA-20260806-91707,на сайті поле площі 0.7438 ≠ площа в описі 0.0935,0.0935,
https://prozorro.sale/auction/LRE001-UA-20260810-56057,дохід: 20000.0 ≠ 14100.0,,14100
https://prozorro.sale/auction/LRE001-UA-20260810-78646,дохід: 325000.0 ≠ 172001.0,,172001
https://prozorro.sale/auction/LRE001-UA-20260810-86627,дохід: 110100.0 ≠ 110000.0,,110000
https://prozorro.sale/auction/LRE001-UA-20260812-36371,дохід: 5101.0 ≠ 5100.0,,5100
